{"stats":{"minecraft:mined":{"minecraft:fire":4,"minecraft:ice":1,"minecraft:grass_block":19,"minecraft:oak_log":11,"minecraft:cobblestone_slab":4,"minecraft:dirt":6,"minecraft:cobblestone":135,"minecraft:oak_leaves":19},"minecraft:custom":{"minecraft:time_since_rest":20235,"minecraft:interact_with_furnace":1,"minecraft:sprint_one_cm":1074,"minecraft:damage_taken":70,"minecraft:walk_one_cm":35118,"minecraft:interact_with_crafting_table":12,"minecraft:open_chest":22,"minecraft:crouch_one_cm":19697,"minecraft:play_one_minute":20235,"minecraft:sneak_time":9468,"minecraft:walk_under_water_one_cm":6619,"minecraft:jump":55,"minecraft:walk_on_water_one_cm":888,"minecraft:leave_game":2,"minecraft:time_since_death":20235},"minecraft:broken":{"minecraft:stone_pickaxe":1},"minecraft:used":{"minecraft:lava_bucket":1,"minecraft:stone_pickaxe":131,"minecraft:wooden_pickaxe":9,"minecraft:cobblestone_slab":137,"minecraft:stone_axe":7,"minecraft:dirt":19,"minecraft:cobblestone":6,"minecraft:crafting_table":1,"minecraft:oak_sapling":1,"minecraft:furnace":1,"minecraft:ice":1},"minecraft:picked_up":{"minecraft:stick":6,"minecraft:oak_log":11,"minecraft:dirt":24,"minecraft:cobblestone_slab":5,"minecraft:oak_sapling":4,"minecraft:cobblestone":106},"minecraft:crafted":{"minecraft:oak_planks":24,"minecraft:cobblestone_slab":162,"minecraft:crafting_table":1,"minecraft:stick":4,"minecraft:wooden_pickaxe":1,"minecraft:stone_pickaxe":2,"minecraft:furnace":1,"minecraft:stone_axe":1}},"DataVersion":2584}